{"cameraMode":{"drawMode":0,"name":"Shaded","section":"Shading Mode"},"sceneLighting":false,"audioPlay":false,"sceneViewState":{"showFog":true,"showMaterialUpdate":false,"showSkybox":true,"showFlares":true,"showImageEffects":true,"showParticleSystems":true},"in2DMode":false,"pivot":{"x":0.11507168412208557,"y":0.2767687141895294,"z":0.2333105206489563},"rotation":{"x":-0.3316604197025299,"y":0.04129915311932564,"z":-0.01453468482941389,"w":-0.9423823952674866},"size":2.020829200744629,"orthographic":false}