{"cameraMode":{"drawMode":0,"name":"Shaded","section":"Shading Mode"},"sceneLighting":false,"audioPlay":false,"sceneViewState":{"showFog":true,"showMaterialUpdate":false,"showSkybox":true,"showFlares":true,"showImageEffects":true,"showParticleSystems":true},"in2DMode":false,"pivot":{"x":-0.26713183522224429,"y":-0.1491595208644867,"z":-0.1437477469444275},"rotation":{"x":-0.3316604197025299,"y":0.04129915311932564,"z":-0.01453468482941389,"w":-0.9423823952674866},"size":4.950000286102295,"orthographic":false}