{"cameraMode":{"drawMode":0,"name":"Shaded","section":"Shading Mode"},"sceneLighting":false,"audioPlay":false,"sceneViewState":{"showFog":true,"showMaterialUpdate":false,"showSkybox":true,"showFlares":true,"showImageEffects":true,"showParticleSystems":true},"in2DMode":false,"pivot":{"x":-0.6789532899856567,"y":0.9463905096054077,"z":0.09665632247924805},"rotation":{"x":0.03558087348937988,"y":-0.8138458728790283,"z":0.05011473223567009,"w":0.5778212547302246},"size":3.138932466506958,"orthographic":false}