{"cameraMode":{"drawMode":0,"name":"Shaded","section":"Shading Mode"},"sceneLighting":false,"audioPlay":false,"sceneViewState":{"showFog":true,"showMaterialUpdate":false,"showSkybox":true,"showFlares":true,"showImageEffects":true,"showParticleSystems":true},"in2DMode":false,"pivot":{"x":-0.7507016658782959,"y":0.5628701448440552,"z":0.4457862377166748},"rotation":{"x":0.03558087348937988,"y":-0.8138458728790283,"z":0.05011473223567009,"w":0.5778212547302246},"size":3.138932466506958,"orthographic":false}