{"cameraMode":{"drawMode":0,"name":"Shaded","section":"Shading Mode"},"sceneLighting":false,"audioPlay":false,"sceneViewState":{"showFog":true,"showMaterialUpdate":false,"showSkybox":true,"showFlares":true,"showImageEffects":true,"showParticleSystems":true},"in2DMode":false,"pivot":{"x":-0.28254634141921999,"y":-0.0002052474592346698,"z":1.249242901802063},"rotation":{"x":-0.22600148618221284,"y":0.1397109180688858,"z":-0.03277105093002319,"w":-0.9634989500045776},"size":8.685585021972657,"orthographic":false}