{"cameraMode":{"drawMode":0,"name":"Shaded","section":"Shading Mode"},"sceneLighting":false,"audioPlay":false,"sceneViewState":{"showFog":true,"showMaterialUpdate":false,"showSkybox":true,"showFlares":true,"showImageEffects":true,"showParticleSystems":true},"in2DMode":false,"pivot":{"x":2.0083117485046388,"y":0.5112863779067993,"z":-1.5748180150985718},"rotation":{"x":-0.10144108533859253,"y":0.8190745115280151,"z":-0.1528576910495758,"w":-0.5435635447502136},"size":3.2523460388183595,"orthographic":false}